1등 당첨자수,2등 당첨자수,3등 당첨자수,4등 당첨자수,5등 당첨자수,1번 번호,2번 번호,3번 번호,4번 번호,5번 번호,6번 번호,보너스번호
16 ,84 ,3635 ,175936 ,2782376 ,6 ,9 ,16 ,19 ,24 ,28 ,17 
29 ,95 ,3476 ,171551 ,2841016 ,10 ,16 ,23 ,36 ,39 ,40 ,11 
18 ,132 ,3649 ,184758 ,2905296 ,1 ,4 ,11 ,12 ,20 ,41 ,2 
6 ,113 ,3293 ,168764 ,2752776 ,7 ,9 ,19 ,23 ,26 ,45 ,33 
13 ,167 ,3121 ,152345 ,2577694 ,9 ,19 ,29 ,35 ,37 ,38 ,31 
24 ,111 ,3713 ,188314 ,2901056 ,3 ,4 ,12 ,19 ,22 ,27 ,9 
11 ,79 ,3147 ,152448 ,2557090 ,5 ,13 ,26 ,29 ,37 ,40 ,42 
14 ,89 ,3226 ,162707 ,2628810 ,2 ,8 ,13 ,16 ,23 ,28 ,35 
12 ,79 ,2903 ,153798 ,2566276 ,6 ,17 ,22 ,28 ,29 ,32 ,38 
15 ,95 ,3115 ,155556 ,2576710 ,14 ,16 ,23 ,25 ,31 ,37 ,42 
13 ,92 ,3623 ,169030 ,2680548 ,4 ,15 ,17 ,23 ,27 ,36 ,31 
13 ,79 ,3015 ,156025 ,2616958 ,1 ,13 ,21 ,25 ,28 ,31 ,22 
17 ,86 ,3109 ,155938 ,2596371 ,8 ,10 ,14 ,20 ,33 ,41 ,28 
11 ,72 ,3010 ,153274 ,2567395 ,6 ,12 ,18 ,37 ,40 ,41 ,3 
13 ,63 ,2989 ,148832 ,2516368 ,3 ,16 ,18 ,24 ,40 ,44 ,21 
12 ,89 ,3061 ,157044 ,2653841 ,5 ,6 ,11 ,27 ,43 ,44 ,17 
6 ,75 ,3111 ,157438 ,2644128 ,3 ,7 ,15 ,16 ,19 ,43 ,21 
13 ,89 ,3533 ,171545 ,2746919 ,7 ,9 ,11 ,21 ,30 ,35 ,29 
20 ,92 ,3178 ,164364 ,2723718 ,3 ,4 ,6 ,8 ,32 ,42 ,31 
15 ,85 ,3196 ,158944 ,2670129 ,8 ,11 ,14 ,17 ,36 ,39 ,22 
24 ,94 ,3139 ,163678 ,2689832 ,1 ,5 ,18 ,20 ,30 ,35 ,3 
13 ,98 ,3059 ,152897 ,2590472 ,7 ,9 ,24 ,40 ,42 ,44 ,45 
21 ,148 ,5317 ,211503 ,3094806 ,3 ,6 ,7 ,11 ,12 ,17 ,19 
20 ,103 ,5668 ,163866 ,2637401 ,3 ,13 ,28 ,34 ,38 ,42 ,25 
10 ,112 ,3244 ,160483 ,2668194 ,5 ,12 ,24 ,26 ,39 ,42 ,20 
13 ,74 ,3514 ,166163 ,2712545 ,9 ,21 ,24 ,30 ,33 ,37 ,29 
10 ,69 ,2942 ,157094 ,2614372 ,8 ,23 ,31 ,35 ,39 ,40 ,24 
14 ,80 ,2803 ,147837 ,2456735 ,14 ,23 ,25 ,27 ,29 ,42 ,16 
13 ,91 ,3173 ,158014 ,2630455 ,6 ,7 ,27 ,29 ,38 ,45 ,17 
13 ,76 ,3470 ,170045 ,2807095 ,17 ,18 ,23 ,25 ,38 ,39 ,22 
15 ,75 ,3386 ,168204 ,2795027 ,2 ,13 ,15 ,16 ,33 ,43 ,4 
36 ,78 ,4752 ,160953 ,2538565 ,20 ,21 ,22 ,25 ,28 ,29 ,6 
16 ,117 ,4107 ,181457 ,2859815 ,2 ,12 ,20 ,24 ,34 ,42 ,37 
12 ,84 ,3176 ,160611 ,2681692 ,7 ,13 ,18 ,36 ,39 ,45 ,19 
23 ,110 ,3742 ,177373 ,2826061 ,3 ,9 ,27 ,28 ,38 ,39 ,7 
21 ,86 ,3032 ,155209 ,2610120 ,21 ,25 ,27 ,32 ,37 ,38 ,20 
12 ,141 ,4549 ,201847 ,3100779 ,5 ,7 ,12 ,20 ,25 ,26 ,28 
21 ,73 ,3494 ,162883 ,2706409 ,30 ,31 ,34 ,39 ,41 ,45 ,7 
7 ,78 ,3171 ,160366 ,2654046 ,10 ,16 ,19 ,27 ,37 ,38 ,13 
15 ,62 ,3190 ,154785 ,2559114 ,4 ,8 ,22 ,26 ,32 ,38 ,27 
15 ,79 ,3506 ,167692 ,2848165 ,1 ,9 ,10 ,13 ,35 ,44 ,5 
35 ,79 ,3354 ,146890 ,2440804 ,30 ,31 ,32 ,35 ,36 ,37 ,5 
17 ,102 ,3351 ,163055 ,2635014 ,2 ,3 ,9 ,15 ,27 ,29 ,8 
17 ,226 ,3413 ,166846 ,2626598 ,8 ,9 ,18 ,35 ,39 ,45 ,25 
17 ,74 ,2924 ,145209 ,2448589 ,8 ,15 ,19 ,21 ,32 ,36 ,38 
13 ,97 ,3082 ,154963 ,2581682 ,3 ,6 ,13 ,15 ,16 ,22 ,32 
8 ,83 ,3588 ,173036 ,2750379 ,7 ,11 ,24 ,26 ,27 ,37 ,32 
11 ,72 ,3030 ,158146 ,2677017 ,6 ,11 ,17 ,19 ,40 ,43 ,28 
9 ,63 ,3312 ,164055 ,2647054 ,2 ,11 ,31 ,33 ,37 ,44 ,32 
18 ,94 ,3626 ,172239 ,2766594 ,3 ,4 ,12 ,15 ,26 ,34 ,6 
11 ,90 ,3154 ,156400 ,2612029 ,10 ,16 ,17 ,27 ,28 ,36 ,6 
9 ,67 ,2841 ,146936 ,2474033 ,2 ,8 ,28 ,30 ,37 ,41 ,22 
11 ,100 ,3371 ,165233 ,2718563 ,7 ,11 ,12 ,21 ,26 ,35 ,20 
12 ,83 ,3345 ,158343 ,2644989 ,7 ,10 ,22 ,29 ,31 ,38 ,15 
13 ,75 ,3240 ,163236 ,2645260 ,5 ,12 ,15 ,30 ,37 ,40 ,18 
14 ,50 ,2865 ,145690 ,2404999 ,14 ,16 ,19 ,20 ,29 ,34 ,35 
14 ,111 ,3323 ,163296 ,2737836 ,4 ,9 ,12 ,15 ,33 ,45 ,26 
12 ,75 ,2906 ,144451 ,2452383 ,21 ,33 ,35 ,38 ,42 ,44 ,1 
9 ,91 ,3417 ,163808 ,2654691 ,1 ,6 ,13 ,19 ,21 ,33 ,4 
14 ,97 ,3961 ,180353 ,2807905 ,3 ,7 ,9 ,13 ,19 ,24 ,23 
13 ,73 ,2737 ,143047 ,2393005 ,13 ,14 ,20 ,28 ,29 ,34 ,23 
11 ,73 ,3086 ,148359 ,2463697 ,6 ,7 ,19 ,28 ,34 ,41 ,5 
17 ,56 ,2861 ,144842 ,2471592 ,1 ,2 ,6 ,14 ,27 ,38 ,33 
12 ,69 ,2900 ,137397 ,2334975 ,15 ,19 ,21 ,25 ,27 ,28 ,40 
11 ,107 ,3142 ,154322 ,2542398 ,5 ,10 ,11 ,17 ,28 ,34 ,22 
63 ,77 ,2987 ,153592 ,2545750 ,1 ,5 ,8 ,16 ,28 ,33 ,45 
12 ,84 ,3007 ,145646 ,2443423 ,10 ,15 ,24 ,30 ,31 ,37 ,32 
11 ,91 ,3114 ,157300 ,2626764 ,4 ,5 ,9 ,11 ,37 ,40 ,7 
12 ,78 ,3066 ,147313 ,2442674 ,6 ,14 ,25 ,33 ,40 ,44 ,30 
10 ,87 ,3123 ,158630 ,2619643 ,3 ,8 ,17 ,30 ,33 ,34 ,28 
16 ,77 ,2945 ,147087 ,2456500 ,13 ,19 ,21 ,24 ,34 ,35 ,26 
11 ,99 ,2932 ,151473 ,2540890 ,3 ,6 ,21 ,30 ,34 ,35 ,22 
11 ,76 ,2956 ,148984 ,2494773 ,6 ,24 ,31 ,32 ,38 ,44 ,8 
11 ,91 ,3049 ,154910 ,2532990 ,2 ,19 ,26 ,31 ,38 ,41 ,34 
19 ,97 ,3108 ,155000 ,2560859 ,1 ,9 ,12 ,13 ,20 ,45 ,3 
19 ,72 ,3518 ,145194 ,2435050 ,11 ,13 ,14 ,15 ,16 ,45 ,3 
9 ,94 ,3161 ,155379 ,2567618 ,3 ,4 ,9 ,30 ,33 ,36 ,7 
10 ,114 ,2896 ,145548 ,2444108 ,15 ,16 ,17 ,25 ,30 ,31 ,32 
12 ,60 ,3103 ,158614 ,2584491 ,7 ,12 ,23 ,32 ,34 ,36 ,8 
17 ,88 ,3221 ,160537 ,2574463 ,10 ,16 ,19 ,32 ,33 ,38 ,3 
14 ,57 ,2936 ,146997 ,2444535 ,11 ,13 ,20 ,21 ,32 ,44 ,8 
10 ,59 ,3077 ,148163 ,2461430 ,16 ,20 ,26 ,36 ,42 ,44 ,24 
16 ,97 ,5096 ,171363 ,2608760 ,3 ,13 ,30 ,33 ,43 ,45 ,4 
16 ,118 ,3654 ,173234 ,2747163 ,3 ,7 ,11 ,20 ,22 ,41 ,24 
17 ,84 ,3347 ,180255 ,2734683 ,10 ,12 ,13 ,19 ,33 ,40 ,2 
14 ,96 ,3227 ,157579 ,2572268 ,7 ,19 ,26 ,37 ,39 ,44 ,27 
14 ,82 ,3357 ,162265 ,2581512 ,6 ,14 ,30 ,31 ,40 ,41 ,29 
11 ,67 ,3374 ,168792 ,2788452 ,1 ,3 ,4 ,29 ,42 ,45 ,36 
15 ,83 ,2898 ,148700 ,2503114 ,6 ,16 ,34 ,37 ,39 ,40 ,11 
15 ,76 ,3000 ,148589 ,2490276 ,1 ,7 ,21 ,30 ,35 ,38 ,2 
17 ,76 ,2909 ,144537 ,2436768 ,10 ,12 ,29 ,31 ,40 ,44 ,2 
20 ,63 ,3042 ,147705 ,2461606 ,13 ,14 ,22 ,26 ,37 ,38 ,20 
13 ,75 ,3363 ,159797 ,2596082 ,6 ,7 ,13 ,28 ,36 ,42 ,41 
13 ,81 ,2869 ,146262 ,2503154 ,17 ,26 ,29 ,30 ,31 ,43 ,12 
9 ,71 ,2701 ,134122 ,2306011 ,3 ,20 ,28 ,38 ,40 ,43 ,4 
13 ,68 ,2840 ,138090 ,2311866 ,12 ,16 ,21 ,24 ,41 ,43 ,15 
7 ,67 ,2631 ,135670 ,2317263 ,14 ,33 ,34 ,35 ,37 ,40 ,4 
10 ,85 ,2924 ,141700 ,2386598 ,1 ,12 ,16 ,19 ,23 ,43 ,34 
10 ,57 ,2584 ,135653 ,2278659 ,8 ,14 ,28 ,29 ,34 ,40 ,12 
12 ,87 ,2725 ,136802 ,2278728 ,6 ,7 ,15 ,22 ,26 ,40 ,41 
13 ,65 ,2928 ,141232 ,2327509 ,10 ,17 ,22 ,30 ,35 ,43 ,44 
16 ,84 ,3327 ,160096 ,2540721 ,7 ,18 ,19 ,26 ,33 ,45 ,37 
9 ,65 ,2873 ,149578 ,2481449 ,6 ,20 ,23 ,24 ,28 ,30 ,44 
11 ,88 ,2931 ,143714 ,2398962 ,12 ,19 ,21 ,29 ,40 ,45 ,1 
9 ,79 ,2825 ,138575 ,2338390 ,4 ,18 ,31 ,37 ,42 ,43 ,40 
11 ,94 ,2991 ,141487 ,2352280 ,11 ,21 ,22 ,30 ,39 ,44 ,31 
16 ,71 ,2989 ,149854 ,2506601 ,13 ,14 ,18 ,21 ,34 ,44 ,16 
17 ,67 ,3270 ,155241 ,2500478 ,11 ,16 ,25 ,27 ,35 ,36 ,37 
23 ,80 ,3471 ,156670 ,2475529 ,4 ,7 ,17 ,18 ,38 ,44 ,36 
15 ,107 ,3003 ,151391 ,2512924 ,8 ,12 ,13 ,29 ,33 ,42 ,5 
15 ,72 ,3274 ,154536 ,2501816 ,3 ,7 ,14 ,15 ,22 ,38 ,17 
7 ,62 ,2768 ,142123 ,2390544 ,21 ,26 ,27 ,32 ,34 ,42 ,31 
11 ,92 ,2923 ,143152 ,2390493 ,1 ,9 ,16 ,23 ,24 ,38 ,17 
7 ,82 ,2720 ,136257 ,2254999 ,13 ,16 ,23 ,31 ,36 ,44 ,38 
9 ,85 ,3212 ,145773 ,2344700 ,4 ,8 ,18 ,24 ,37 ,45 ,6 
12 ,77 ,2691 ,135352 ,2334106 ,6 ,10 ,11 ,14 ,36 ,38 ,43 
7 ,98 ,3235 ,149808 ,2428987 ,4 ,8 ,17 ,30 ,40 ,43 ,34 
9 ,86 ,3109 ,148521 ,2417204 ,3 ,7 ,9 ,33 ,36 ,37 ,10 
9 ,160 ,2750 ,134529 ,2267024 ,1 ,23 ,24 ,35 ,44 ,45 ,10 
12 ,78 ,2711 ,143155 ,2311622 ,1 ,6 ,20 ,27 ,28 ,41 ,15 
11 ,62 ,2994 ,146834 ,2387538 ,6 ,18 ,28 ,30 ,32 ,38 ,15 
12 ,93 ,2872 ,145504 ,2400605 ,16 ,18 ,20 ,23 ,32 ,43 ,27 
5 ,83 ,2891 ,143234 ,2391950 ,1 ,2 ,11 ,21 ,30 ,35 ,39 
14 ,63 ,2938 ,142759 ,2353987 ,3 ,6 ,14 ,22 ,30 ,41 ,36 
14 ,79 ,3006 ,146335 ,2419527 ,1 ,10 ,18 ,22 ,28 ,31 ,44 
19 ,87 ,3114 ,150789 ,2480427 ,4 ,7 ,19 ,26 ,33 ,35 ,3 
13 ,82 ,3679 ,163488 ,2567588 ,7 ,10 ,19 ,23 ,28 ,33 ,18 
15 ,88 ,3323 ,152826 ,2432046 ,6 ,11 ,16 ,19 ,21 ,32 ,45 
14 ,74 ,3117 ,148561 ,2416212 ,3 ,18 ,19 ,23 ,32 ,45 ,24 
19 ,62 ,3296 ,158665 ,2525390 ,3 ,6 ,9 ,18 ,22 ,35 ,14 
7 ,55 ,2706 ,139518 ,2401618 ,3 ,6 ,22 ,23 ,24 ,38 ,30 
7 ,68 ,2668 ,133599 ,2278058 ,20 ,31 ,32 ,40 ,41 ,45 ,12 
11 ,99 ,3003 ,145857 ,2425576 ,4 ,24 ,27 ,35 ,37 ,45 ,15 
28 ,96 ,4593 ,179475 ,2566118 ,3 ,10 ,24 ,33 ,38 ,45 ,36 
13 ,83 ,3127 ,151941 ,2516955 ,7 ,10 ,22 ,25 ,34 ,40 ,27 
13 ,60 ,3074 ,152446 ,2545208 ,11 ,23 ,25 ,30 ,32 ,40 ,42 
17 ,664 ,2962 ,146471 ,2461496 ,8 ,13 ,19 ,27 ,40 ,45 ,12 
14 ,81 ,3223 ,150996 ,2464595 ,13 ,20 ,24 ,32 ,36 ,45 ,29 
11 ,92 ,3413 ,165590 ,2662001 ,4 ,7 ,12 ,14 ,22 ,33 ,31 
9 ,66 ,2714 ,140308 ,2407955 ,14 ,19 ,27 ,28 ,30 ,45 ,33 
7 ,64 ,2702 ,136905 ,2367764 ,22 ,26 ,29 ,30 ,34 ,45 ,15 
11 ,108 ,2926 ,148178 ,2405830 ,5 ,17 ,26 ,27 ,35 ,38 ,1 
18 ,70 ,2824 ,143314 ,2477370 ,21 ,26 ,30 ,32 ,33 ,35 ,44 
17 ,70 ,2866 ,144610 ,2402116 ,6 ,12 ,31 ,35 ,38 ,43 ,17 
15 ,89 ,2968 ,147061 ,2462622 ,3 ,5 ,13 ,20 ,21 ,37 ,17 
17 ,102 ,3817 ,170086 ,2721555 ,6 ,12 ,17 ,21 ,32 ,39 ,30 
9 ,83 ,2728 ,139530 ,2313403 ,2 ,20 ,33 ,40 ,42 ,44 ,32 
12 ,57 ,2959 ,139560 ,2260269 ,7 ,16 ,25 ,29 ,35 ,36 ,28 
13 ,67 ,2699 ,135872 ,2280432 ,6 ,14 ,15 ,19 ,21 ,41 ,37 
8 ,72 ,2597 ,134226 ,2254796 ,12 ,17 ,20 ,26 ,28 ,36 ,4 
17 ,86 ,3156 ,155087 ,2495858 ,3 ,5 ,12 ,22 ,26 ,31 ,19 
20 ,100 ,3567 ,157156 ,2462593 ,5 ,14 ,15 ,23 ,34 ,43 ,4 
25 ,85 ,3947 ,167535 ,2620869 ,6 ,7 ,9 ,11 ,17 ,18 ,45 
7 ,63 ,2583 ,133245 ,2235373 ,8 ,16 ,26 ,29 ,31 ,36 ,11 
16 ,80 ,2773 ,140403 ,2359126 ,2 ,3 ,6 ,19 ,36 ,39 ,26 
15 ,77 ,3364 ,154690 ,2436512 ,7 ,16 ,24 ,27 ,37 ,44 ,2 
15 ,78 ,2713 ,137021 ,2279500 ,2 ,14 ,15 ,22 ,27 ,33 ,31 
9 ,64 ,2593 ,133443 ,2231388 ,2 ,5 ,22 ,32 ,34 ,45 ,39 
8 ,71 ,2848 ,141624 ,2366499 ,9 ,14 ,34 ,35 ,41 ,42 ,2 
9 ,66 ,2898 ,142939 ,2400364 ,26 ,31 ,32 ,33 ,38 ,40 ,11 
13 ,79 ,3083 ,145505 ,2376004 ,3 ,11 ,15 ,20 ,35 ,44 ,10 
10 ,90 ,3078 ,149807 ,2458611 ,1 ,6 ,12 ,19 ,36 ,42 ,28 
8 ,64 ,2789 ,132815 ,2247015 ,6 ,7 ,22 ,32 ,35 ,36 ,19 
19 ,104 ,3278 ,154929 ,2473576 ,2 ,5 ,11 ,17 ,24 ,29 ,9 
10 ,62 ,2614 ,125573 ,2136972 ,12 ,30 ,32 ,37 ,39 ,41 ,24 
20 ,91 ,2810 ,142778 ,2333653 ,5 ,7 ,12 ,13 ,18 ,35 ,23 
10 ,83 ,2700 ,134097 ,2217201 ,14 ,16 ,27 ,35 ,39 ,45 ,5 
15 ,76 ,2786 ,138907 ,2290094 ,5 ,12 ,13 ,31 ,32 ,41 ,34 
4 ,69 ,2671 ,134665 ,2258426 ,8 ,9 ,20 ,25 ,29 ,33 ,7 
8 ,63 ,2616 ,134065 ,2224097 ,9 ,18 ,20 ,22 ,38 ,44 ,10 
9 ,72 ,2506 ,127810 ,2172239 ,10 ,14 ,16 ,18 ,29 ,35 ,25 
5 ,63 ,2580 ,127962 ,2155059 ,5 ,6 ,11 ,29 ,42 ,45 ,28 
12 ,56 ,2461 ,126484 ,2182497 ,12 ,15 ,17 ,24 ,29 ,45 ,16 
13 ,77 ,2817 ,138221 ,2300467 ,12 ,27 ,29 ,38 ,41 ,45 ,6 
50 ,75 ,5823 ,192646 ,2506493 ,1 ,4 ,13 ,17 ,34 ,39 ,6 
2 ,62 ,2693 ,130602 ,2216230 ,3 ,19 ,21 ,25 ,37 ,45 ,35 
7 ,70 ,2596 ,133621 ,2235724 ,12 ,18 ,22 ,23 ,30 ,34 ,32 
11 ,68 ,2686 ,132413 ,2202914 ,15 ,26 ,28 ,34 ,41 ,42 ,44 
8 ,102 ,2880 ,144321 ,2304033 ,14 ,23 ,31 ,33 ,37 ,40 ,44 
10 ,69 ,2849 ,143906 ,2372712 ,3 ,11 ,14 ,18 ,26 ,27 ,21 
5 ,79 ,2586 ,128697 ,2157701 ,21 ,22 ,26 ,34 ,36 ,41 ,32 
13 ,76 ,2882 ,141514 ,2324952 ,5 ,11 ,18 ,20 ,35 ,45 ,3 
11 ,76 ,2818 ,137485 ,2292065 ,1 ,9 ,12 ,26 ,35 ,38 ,42 
8 ,66 ,2781 ,136828 ,2278193 ,9 ,12 ,15 ,25 ,34 ,36 ,3 
15 ,69 ,2632 ,133476 ,2232525 ,15 ,23 ,29 ,34 ,40 ,44 ,20 
11 ,97 ,2826 ,141072 ,2311009 ,9 ,11 ,30 ,31 ,41 ,44 ,33 
9 ,70 ,2844 ,137134 ,2256573 ,8 ,11 ,16 ,19 ,21 ,25 ,40 
9 ,65 ,2487 ,131234 ,2288458 ,8 ,11 ,15 ,16 ,17 ,37 ,36 
12 ,84 ,2798 ,143067 ,2349017 ,8 ,13 ,18 ,24 ,27 ,29 ,17 
10 ,68 ,2785 ,140047 ,2340772 ,7 ,15 ,30 ,37 ,39 ,44 ,18 
14 ,66 ,2649 ,133896 ,2247475 ,1 ,4 ,29 ,39 ,43 ,45 ,31 
8 ,85 ,3193 ,155418 ,2436676 ,17 ,25 ,33 ,35 ,38 ,45 ,15 
12 ,66 ,2761 ,140255 ,2346904 ,6 ,10 ,12 ,14 ,20 ,42 ,15 
22 ,109 ,4018 ,180052 ,2747686 ,2 ,8 ,19 ,22 ,32 ,42 ,39 
16 ,67 ,2943 ,143217 ,2369326 ,1 ,3 ,9 ,14 ,18 ,28 ,34 
12 ,53 ,2648 ,129576 ,2227628 ,13 ,17 ,18 ,20 ,42 ,45 ,41 
19 ,85 ,3692 ,155887 ,2331995 ,4 ,7 ,14 ,16 ,24 ,44 ,20 
18 ,86 ,3313 ,155856 ,2546181 ,6 ,11 ,15 ,24 ,32 ,39 ,28 
7 ,69 ,2793 ,138372 ,2269218 ,1 ,4 ,13 ,29 ,38 ,39 ,7 
12 ,70 ,2803 ,137937 ,2216661 ,1 ,3 ,8 ,24 ,27 ,35 ,28 
6 ,70 ,2732 ,132583 ,2220620 ,6 ,14 ,16 ,18 ,24 ,42 ,44 
12 ,58 ,2373 ,124311 ,2105282 ,12 ,20 ,26 ,33 ,44 ,45 ,24 
8 ,110 ,2969 ,138068 ,2226394 ,13 ,18 ,25 ,31 ,33 ,44 ,38 
14 ,56 ,2858 ,129113 ,2169219 ,2 ,4 ,25 ,26 ,36 ,37 ,28 
4 ,63 ,2444 ,127891 ,2158436 ,17 ,18 ,21 ,27 ,29 ,33 ,26 
9 ,61 ,2663 ,129322 ,2139025 ,2 ,13 ,20 ,30 ,31 ,41 ,27 
10 ,73 ,2968 ,140004 ,2283682 ,2 ,4 ,15 ,23 ,29 ,38 ,7 
10 ,70 ,2793 ,133889 ,2231167 ,7 ,10 ,16 ,28 ,41 ,42 ,40 
10 ,62 ,2581 ,126523 ,2123240 ,17 ,21 ,23 ,30 ,34 ,44 ,19 
7 ,64 ,2596 ,128129 ,2149335 ,3 ,10 ,23 ,35 ,36 ,37 ,18 
10 ,78 ,2640 ,131780 ,2196308 ,13 ,23 ,26 ,31 ,35 ,43 ,15 
8 ,81 ,2931 ,139208 ,2291933 ,5 ,7 ,13 ,20 ,21 ,44 ,33 
13 ,65 ,2824 ,136630 ,2289650 ,27 ,36 ,37 ,41 ,43 ,45 ,32 
7 ,70 ,2819 ,135751 ,2237534 ,3 ,13 ,16 ,23 ,24 ,35 ,14 
14 ,79 ,3414 ,154980 ,2403760 ,7 ,11 ,16 ,21 ,27 ,33 ,24 
10 ,70 ,2826 ,133915 ,2217326 ,1 ,7 ,15 ,32 ,34 ,42 ,8 
14 ,82 ,2474 ,125781 ,2097459 ,2 ,9 ,10 ,14 ,22 ,44 ,16 
7 ,69 ,3085 ,142375 ,2270249 ,4 ,12 ,14 ,25 ,35 ,37 ,2 
9 ,61 ,2828 ,135604 ,2212347 ,7 ,8 ,9 ,17 ,22 ,24 ,5 
17 ,66 ,2636 ,129473 ,2149319 ,1 ,2 ,11 ,16 ,39 ,44 ,32 
8 ,42 ,2257 ,117757 ,2003966 ,22 ,26 ,31 ,37 ,41 ,42 ,24 
20 ,80 ,2570 ,126989 ,2122398 ,3 ,6 ,17 ,23 ,37 ,39 ,26 
6 ,62 ,2685 ,131409 ,2171694 ,2 ,6 ,17 ,18 ,21 ,26 ,7 
14 ,87 ,2479 ,124923 ,2061176 ,9 ,11 ,16 ,21 ,28 ,36 ,5 
20 ,56 ,2633 ,133079 ,2211803 ,3 ,9 ,10 ,29 ,40 ,45 ,7 
13 ,97 ,3116 ,148150 ,2329460 ,2 ,5 ,12 ,14 ,24 ,39 ,33 
4 ,69 ,2475 ,121200 ,2042462 ,1 ,6 ,13 ,37 ,38 ,40 ,9 
10 ,50 ,2352 ,115370 ,1980202 ,1 ,21 ,25 ,29 ,34 ,37 ,36 
7 ,46 ,2389 ,122129 ,2043257 ,2 ,13 ,25 ,28 ,29 ,36 ,34 
10 ,52 ,2447 ,123780 ,2061560 ,6 ,21 ,36 ,38 ,39 ,43 ,30 
15 ,68 ,3137 ,141987 ,2219439 ,6 ,12 ,19 ,23 ,34 ,42 ,35 
12 ,73 ,2581 ,126528 ,2119457 ,1 ,18 ,28 ,31 ,34 ,43 ,40 
9 ,73 ,2716 ,133764 ,2197136 ,11 ,20 ,29 ,31 ,33 ,42 ,43 
10 ,56 ,2569 ,129546 ,2180006 ,2 ,18 ,24 ,30 ,32 ,45 ,14 
8 ,75 ,2502 ,123802 ,2072896 ,1 ,14 ,15 ,24 ,40 ,41 ,35 
15 ,67 ,2470 ,131097 ,2168146 ,2 ,9 ,10 ,16 ,35 ,37 ,1 
11 ,61 ,2835 ,129545 ,2131893 ,4 ,15 ,24 ,35 ,36 ,40 ,1 
11 ,136 ,3053 ,144650 ,2325943 ,10 ,11 ,20 ,21 ,25 ,41 ,40 
12 ,71 ,2650 ,130744 ,2196889 ,4 ,9 ,23 ,26 ,29 ,33 ,8 
10 ,64 ,2657 ,132057 ,2214839 ,1 ,9 ,26 ,28 ,30 ,41 ,32 
14 ,102 ,3273 ,146120 ,2331848 ,7 ,9 ,22 ,27 ,37 ,42 ,34 
9 ,93 ,3039 ,141776 ,2304925 ,4 ,12 ,22 ,24 ,33 ,41 ,38 
14 ,72 ,2907 ,142335 ,2346154 ,2 ,12 ,30 ,31 ,39 ,43 ,38 
8 ,67 ,2886 ,146270 ,2422941 ,3 ,4 ,15 ,22 ,28 ,40 ,10 
10 ,65 ,2594 ,130363 ,2192075 ,14 ,21 ,35 ,36 ,40 ,44 ,30 
11 ,90 ,2905 ,137929 ,2252913 ,13 ,18 ,30 ,31 ,38 ,41 ,5 
18 ,58 ,3182 ,146908 ,2351804 ,3 ,8 ,17 ,20 ,27 ,35 ,26 
11 ,71 ,2949 ,138433 ,2224563 ,9 ,18 ,19 ,30 ,34 ,40 ,20 
13 ,71 ,2490 ,124224 ,2120882 ,9 ,10 ,15 ,30 ,33 ,37 ,26 
13 ,79 ,3057 ,147665 ,2440455 ,2 ,13 ,16 ,19 ,32 ,33 ,42 
7 ,74 ,2722 ,135763 ,2238429 ,1 ,8 ,13 ,36 ,44 ,45 ,39 
6 ,52 ,2473 ,120907 ,2045438 ,10 ,12 ,18 ,35 ,42 ,43 ,39 
16 ,87 ,3275 ,145544 ,2282851 ,12 ,14 ,25 ,27 ,39 ,40 ,35 
8 ,51 ,2329 ,123292 ,2087480 ,3 ,15 ,20 ,22 ,24 ,41 ,11 
13 ,67 ,2682 ,128408 ,2127595 ,4 ,11 ,28 ,39 ,42 ,45 ,6 
10 ,64 ,2531 ,124971 ,2096955 ,4 ,8 ,10 ,16 ,31 ,36 ,9 
11 ,57 ,2480 ,124141 ,2092601 ,2 ,10 ,13 ,22 ,29 ,40 ,26 
14 ,77 ,2864 ,140160 ,2252623 ,7 ,11 ,13 ,17 ,18 ,29 ,43 
13 ,120 ,2933 ,134376 ,2118071 ,4 ,10 ,20 ,32 ,38 ,44 ,18 
4 ,66 ,2359 ,116726 ,1985417 ,1 ,3 ,30 ,33 ,36 ,39 ,12 
8 ,63 ,2215 ,114043 ,1962088 ,23 ,27 ,29 ,31 ,36 ,45 ,37 
7 ,64 ,2420 ,120969 ,2067196 ,1 ,6 ,15 ,36 ,37 ,38 ,5 
8 ,54 ,2596 ,121943 ,2041653 ,14 ,15 ,23 ,25 ,35 ,43 ,32 
8 ,55 ,2776 ,128480 ,2124548 ,8 ,21 ,25 ,38 ,39 ,44 ,28 
16 ,91 ,3028 ,140880 ,2244712 ,7 ,9 ,12 ,15 ,19 ,23 ,4 
7 ,81 ,2639 ,121873 ,2011931 ,3 ,4 ,10 ,20 ,28 ,44 ,30 
6 ,63 ,2331 ,118446 ,1979589 ,4 ,15 ,22 ,38 ,41 ,43 ,26 
10 ,72 ,2923 ,133167 ,2085580 ,10 ,16 ,18 ,20 ,25 ,31 ,6 
12 ,68 ,2335 ,117863 ,1944019 ,13 ,24 ,32 ,34 ,39 ,42 ,4 
9 ,69 ,2198 ,113214 ,1920852 ,3 ,11 ,34 ,42 ,43 ,44 ,13 
8 ,56 ,2376 ,115877 ,1937187 ,3 ,17 ,18 ,23 ,36 ,41 ,26 
6 ,89 ,2876 ,136052 ,2097501 ,2 ,6 ,13 ,17 ,27 ,43 ,36 
17 ,72 ,2682 ,129993 ,2101238 ,5 ,7 ,12 ,22 ,28 ,41 ,1 
7 ,53 ,2348 ,117181 ,1984222 ,2 ,3 ,26 ,33 ,34 ,43 ,29 
5 ,56 ,2541 ,122864 ,2052965 ,9 ,14 ,17 ,18 ,42 ,44 ,35 
18 ,86 ,2718 ,137216 ,2183337 ,7 ,11 ,12 ,31 ,33 ,38 ,5 
10 ,47 ,2260 ,117542 ,2000201 ,1 ,3 ,23 ,24 ,27 ,43 ,34 
11 ,70 ,2184 ,111426 ,1857917 ,6 ,21 ,22 ,32 ,35 ,36 ,17 
6 ,63 ,2436 ,119025 ,1966167 ,2 ,6 ,11 ,13 ,22 ,37 ,14 
11 ,55 ,2585 ,122904 ,2006794 ,16 ,19 ,24 ,33 ,42 ,44 ,27 
16 ,66 ,2467 ,122530 ,1996371 ,6 ,14 ,16 ,21 ,27 ,37 ,40 
14 ,70 ,2547 ,125332 ,2030860 ,5 ,8 ,18 ,21 ,22 ,38 ,10 
10 ,58 ,2571 ,123236 ,2064778 ,4 ,5 ,12 ,14 ,32 ,42 ,35 
21 ,72 ,2694 ,128516 ,2074354 ,1 ,11 ,17 ,27 ,35 ,39 ,31 
11 ,63 ,2316 ,111558 ,1910295 ,7 ,24 ,29 ,30 ,34 ,35 ,33 
8 ,57 ,2161 ,108610 ,1858567 ,3 ,16 ,21 ,22 ,23 ,44 ,30 
7 ,67 ,2300 ,112189 ,1903128 ,21 ,27 ,29 ,38 ,40 ,44 ,37 
9 ,63 ,2369 ,117171 ,1988860 ,2 ,5 ,14 ,28 ,31 ,32 ,20 
7 ,77 ,2643 ,129133 ,2111090 ,3 ,4 ,16 ,27 ,38 ,40 ,20 
8 ,92 ,2337 ,115626 ,1938996 ,2 ,6 ,8 ,26 ,43 ,45 ,11 
13 ,49 ,2316 ,111981 ,1902821 ,2 ,15 ,16 ,21 ,22 ,28 ,45 
13 ,67 ,2372 ,119126 ,1945304 ,7 ,19 ,23 ,24 ,36 ,39 ,30 
9 ,67 ,2308 ,114451 ,1890747 ,5 ,18 ,20 ,23 ,30 ,34 ,21 
6 ,51 ,2385 ,113132 ,1872855 ,7 ,13 ,16 ,18 ,35 ,38 ,14 
6 ,53 ,2402 ,121900 ,1993765 ,8 ,19 ,20 ,21 ,33 ,39 ,37 
8 ,56 ,3240 ,137051 ,2005739 ,18 ,21 ,28 ,35 ,37 ,42 ,17 
13 ,62 ,2398 ,121076 ,1996656 ,6 ,7 ,12 ,22 ,26 ,36 ,29 
7 ,46 ,2586 ,128068 ,2066172 ,5 ,12 ,25 ,26 ,38 ,45 ,23 
12 ,58 ,2750 ,134059 ,2185782 ,16 ,26 ,31 ,38 ,39 ,41 ,23 
9 ,56 ,2331 ,116749 ,1971982 ,19 ,32 ,37 ,40 ,41 ,43 ,45 
9 ,58 ,2113 ,116062 ,1899696 ,1 ,15 ,17 ,23 ,25 ,41 ,10 
17 ,78 ,2709 ,134155 ,2155749 ,4 ,9 ,17 ,18 ,26 ,42 ,36 
7 ,77 ,2443 ,122132 ,1998623 ,9 ,13 ,28 ,31 ,39 ,41 ,19 
9 ,58 ,2376 ,114859 ,1915593 ,1 ,4 ,14 ,18 ,29 ,37 ,6 
10 ,60 ,2338 ,114198 ,1907477 ,3 ,13 ,29 ,38 ,39 ,42 ,26 
8 ,59 ,2453 ,123025 ,1990715 ,3 ,7 ,12 ,31 ,34 ,38 ,32 
8 ,66 ,2388 ,114719 ,1885924 ,8 ,14 ,17 ,27 ,36 ,45 ,10 
7 ,59 ,2140 ,109766 ,1768281 ,19 ,23 ,28 ,37 ,42 ,45 ,2 
13 ,56 ,2279 ,111832 ,1869359 ,1 ,3 ,24 ,27 ,39 ,45 ,31 
12 ,74 ,2207 ,108076 ,1817654 ,4 ,14 ,23 ,28 ,37 ,45 ,17 
15 ,65 ,2538 ,119613 ,1924209 ,9 ,18 ,32 ,33 ,37 ,44 ,22 
5 ,44 ,2082 ,109226 ,1839873 ,18 ,34 ,39 ,43 ,44 ,45 ,23 
8 ,67 ,2189 ,116952 ,1939849 ,4 ,18 ,20 ,26 ,27 ,32 ,9 
7 ,52 ,2332 ,114994 ,1939064 ,7 ,17 ,19 ,23 ,24 ,45 ,38 
6 ,77 ,2594 ,123497 ,1952277 ,1 ,4 ,10 ,14 ,15 ,35 ,20 
6 ,69 ,2971 ,129139 ,1994188 ,2 ,6 ,11 ,16 ,25 ,31 ,3 
12 ,75 ,2167 ,109806 ,1867270 ,5 ,17 ,18 ,22 ,23 ,43 ,12 
19 ,59 ,2427 ,112619 ,1856647 ,5 ,16 ,21 ,26 ,34 ,42 ,24 
14 ,33 ,2278 ,105071 ,1726617 ,19 ,22 ,30 ,34 ,39 ,44 ,36 
18 ,68 ,2240 ,110655 ,1830269 ,1 ,15 ,19 ,23 ,28 ,42 ,32 
10 ,68 ,2375 ,123684 ,2001910 ,3 ,5 ,12 ,13 ,33 ,39 ,38 
16 ,46 ,2018 ,99681 ,1715898 ,2 ,4 ,30 ,32 ,33 ,43 ,29 
7 ,61 ,2231 ,108666 ,1792357 ,2 ,6 ,12 ,26 ,30 ,34 ,38 
10 ,48 ,2033 ,102000 ,1705285 ,21 ,25 ,30 ,32 ,40 ,42 ,31 
10 ,56 ,2210 ,108562 ,1814332 ,2 ,6 ,20 ,27 ,37 ,39 ,4 
6 ,61 ,2152 ,109133 ,1789491 ,12 ,17 ,28 ,41 ,43 ,44 ,25 
5 ,57 ,2175 ,109516 ,1820552 ,14 ,17 ,19 ,22 ,24 ,40 ,41 
9 ,68 ,2035 ,104919 ,1770017 ,9 ,15 ,29 ,34 ,37 ,39 ,12 
13 ,52 ,2076 ,104626 ,1749234 ,3 ,15 ,22 ,32 ,33 ,45 ,2 
11 ,64 ,2467 ,122913 ,1957675 ,3 ,7 ,10 ,13 ,25 ,36 ,32 
7 ,64 ,2042 ,104949 ,1753097 ,16 ,21 ,28 ,35 ,39 ,43 ,12 
9 ,63 ,2042 ,104765 ,1755036 ,10 ,34 ,38 ,40 ,42 ,43 ,32 
4 ,65 ,2256 ,108644 ,1819899 ,11 ,17 ,19 ,21 ,22 ,25 ,24 
10 ,62 ,2339 ,128867 ,1882931 ,4 ,8 ,18 ,25 ,27 ,32 ,42 
11 ,51 ,1895 ,97729 ,1678945 ,8 ,22 ,35 ,38 ,39 ,41 ,24 
9 ,41 ,2075 ,106176 ,1789295 ,9 ,13 ,32 ,38 ,39 ,43 ,23 
15 ,62 ,2367 ,111971 ,1833940 ,6 ,10 ,16 ,28 ,34 ,38 ,43 
5 ,53 ,1949 ,104537 ,1700369 ,10 ,24 ,40 ,41 ,43 ,44 ,17 
9 ,61 ,2022 ,102532 ,1765328 ,8 ,15 ,17 ,19 ,43 ,44 ,7 
6 ,44 ,1865 ,99152 ,1716083 ,20 ,25 ,31 ,32 ,36 ,43 ,3 
7 ,90 ,2018 ,105158 ,1787511 ,2 ,8 ,23 ,26 ,27 ,44 ,13 
4 ,67 ,2328 ,114850 ,1876933 ,11 ,17 ,28 ,30 ,33 ,35 ,9 
8 ,70 ,2101 ,106132 ,1750048 ,14 ,18 ,22 ,26 ,31 ,44 ,40 
6 ,55 ,2023 ,101591 ,1727367 ,16 ,20 ,24 ,28 ,36 ,39 ,5 
17 ,56 ,2682 ,113125 ,1851371 ,5 ,13 ,17 ,29 ,34 ,39 ,3 
7 ,42 ,2109 ,103845 ,1792259 ,1 ,2 ,16 ,22 ,38 ,39 ,34 
8 ,40 ,2443 ,114324 ,1857205 ,12 ,16 ,26 ,28 ,30 ,42 ,22 
13 ,69 ,1997 ,106009 ,1797728 ,5 ,18 ,30 ,41 ,43 ,45 ,13 
11 ,56 ,2038 ,105790 ,1782933 ,1 ,16 ,29 ,33 ,40 ,45 ,6 
18 ,73 ,2406 ,120078 ,1997556 ,7 ,8 ,13 ,15 ,33 ,45 ,18 
5 ,52 ,2002 ,105717 ,1777953 ,19 ,21 ,30 ,33 ,34 ,42 ,4 
10 ,42 ,2039 ,103190 ,1735911 ,14 ,26 ,32 ,36 ,39 ,42 ,38 
17 ,88 ,2490 ,119648 ,1901965 ,5 ,11 ,14 ,30 ,33 ,38 ,24 
10 ,51 ,2275 ,110586 ,1852019 ,2 ,4 ,11 ,28 ,29 ,43 ,27 
13 ,48 ,2664 ,126227 ,1946924 ,3 ,9 ,11 ,12 ,13 ,19 ,35 
5 ,68 ,2220 ,107897 ,1777501 ,9 ,14 ,17 ,33 ,36 ,38 ,20 
6 ,47 ,2012 ,97334 ,1656959 ,2 ,25 ,28 ,30 ,33 ,45 ,6 
14 ,62 ,2230 ,103846 ,1719260 ,1 ,9 ,11 ,14 ,26 ,28 ,19 
15 ,58 ,2306 ,106763 ,1767089 ,9 ,10 ,13 ,28 ,38 ,45 ,35 
11 ,47 ,1967 ,99132 ,1643491 ,6 ,8 ,18 ,35 ,42 ,43 ,3 
8 ,53 ,1945 ,103152 ,1715510 ,12 ,18 ,30 ,39 ,41 ,42 ,19 
9 ,60 ,2137 ,102312 ,1706379 ,13 ,14 ,19 ,26 ,40 ,43 ,30 
16 ,61 ,2660 ,117332 ,1849959 ,3 ,10 ,16 ,19 ,31 ,39 ,9 
9 ,80 ,2142 ,106206 ,1764071 ,5 ,6 ,16 ,18 ,37 ,38 ,17 
8 ,45 ,1837 ,94679 ,1637836 ,4 ,5 ,31 ,35 ,43 ,45 ,29 
13 ,62 ,1968 ,100644 ,1704198 ,4 ,7 ,13 ,29 ,31 ,39 ,18 
15 ,46 ,2113 ,106164 ,1761371 ,5 ,11 ,12 ,29 ,33 ,44 ,14 
9 ,47 ,2232 ,108626 ,1755153 ,13 ,16 ,24 ,25 ,33 ,36 ,42 
12 ,53 ,2249 ,113070 ,1850484 ,8 ,15 ,21 ,31 ,33 ,38 ,42 
15 ,51 ,2106 ,105359 ,1745566 ,7 ,9 ,24 ,29 ,34 ,38 ,26 
9 ,61 ,2348 ,112065 ,1795737 ,12 ,18 ,24 ,26 ,39 ,40 ,15 
3 ,79 ,2153 ,108789 ,1735565 ,9 ,18 ,20 ,24 ,27 ,36 ,12 
14 ,55 ,2100 ,101082 ,1687355 ,1 ,12 ,13 ,24 ,29 ,44 ,16 
4 ,60 ,1987 ,99433 ,1644326 ,10 ,21 ,22 ,30 ,35 ,42 ,6 
7 ,49 ,1981 ,97667 ,1638089 ,16 ,25 ,33 ,38 ,40 ,45 ,15 
13 ,39 ,1845 ,90205 ,1490497 ,14 ,15 ,25 ,28 ,29 ,30 ,3 
9 ,54 ,2068 ,105276 ,1718171 ,3 ,9 ,12 ,13 ,25 ,43 ,34 
8 ,67 ,2064 ,102402 ,1675799 ,12 ,18 ,19 ,29 ,31 ,39 ,7 
7 ,39 ,1703 ,92977 ,1596140 ,17 ,21 ,25 ,26 ,27 ,36 ,4 
6 ,52 ,1833 ,93837 ,1585777 ,2 ,21 ,28 ,38 ,42 ,45 ,30 
4 ,43 ,1800 ,89323 ,1548384 ,11 ,30 ,34 ,35 ,42 ,44 ,27 
6 ,68 ,1976 ,100498 ,1693074 ,1 ,3 ,12 ,14 ,16 ,43 ,10 
7 ,49 ,2151 ,104155 ,1703788 ,8 ,11 ,19 ,21 ,36 ,45 ,25 
8 ,64 ,2053 ,100608 ,1672013 ,5 ,10 ,13 ,21 ,39 ,43 ,11 
6 ,56 ,2179 ,104350 ,1703714 ,6 ,11 ,15 ,17 ,23 ,40 ,39 
6 ,46 ,1962 ,95319 ,1597761 ,15 ,21 ,31 ,32 ,41 ,43 ,24 
7 ,59 ,2319 ,108300 ,1749855 ,6 ,10 ,18 ,25 ,34 ,35 ,33 
7 ,57 ,1850 ,91180 ,1561838 ,14 ,20 ,23 ,31 ,37 ,38 ,27 
4 ,53 ,2075 ,105602 ,1700112 ,3 ,12 ,13 ,18 ,31 ,32 ,42 
11 ,49 ,2048 ,100907 ,1659443 ,1 ,10 ,13 ,26 ,32 ,36 ,9 
5 ,50 ,2094 ,102413 ,1657869 ,5 ,9 ,14 ,26 ,30 ,43 ,2 
16 ,67 ,2207 ,107980 ,1814300 ,10 ,11 ,12 ,18 ,24 ,42 ,27 
8 ,51 ,1999 ,97006 ,1618941 ,17 ,25 ,28 ,37 ,43 ,44 ,2 
11 ,51 ,2179 ,110956 ,1801924 ,1 ,4 ,10 ,12 ,28 ,45 ,26 
10 ,56 ,2242 ,107519 ,1725236 ,12 ,17 ,23 ,34 ,42 ,45 ,33 
7 ,60 ,2124 ,98988 ,1653851 ,2 ,10 ,14 ,22 ,32 ,36 ,41 
8 ,34 ,1868 ,97900 ,1641334 ,5 ,22 ,31 ,32 ,39 ,45 ,36 
7 ,46 ,1921 ,96701 ,1643069 ,1 ,21 ,26 ,36 ,40 ,41 ,5 
11 ,62 ,2423 ,111043 ,1825105 ,3 ,10 ,13 ,26 ,34 ,38 ,36 
7 ,45 ,2607 ,116809 ,1877646 ,6 ,7 ,18 ,19 ,30 ,38 ,13 
5 ,61 ,2043 ,98216 ,1635392 ,10 ,15 ,21 ,35 ,38 ,43 ,31 
7 ,65 ,1958 ,99185 ,1684675 ,2 ,7 ,19 ,25 ,29 ,36 ,16 
14 ,38 ,2410 ,102931 ,1713102 ,2 ,10 ,12 ,31 ,33 ,42 ,32 
16 ,59 ,2417 ,113336 ,1812992 ,3 ,8 ,19 ,27 ,30 ,41 ,12 
15 ,70 ,2437 ,118089 ,1868863 ,2 ,6 ,7 ,12 ,19 ,45 ,38 
13 ,70 ,2257 ,112504 ,1828701 ,2 ,10 ,11 ,19 ,35 ,39 ,29 
6 ,51 ,2339 ,114842 ,1863599 ,5 ,6 ,13 ,16 ,27 ,28 ,9 
4 ,96 ,2064 ,103000 ,1708226 ,12 ,15 ,16 ,20 ,24 ,30 ,38 
6 ,55 ,1972 ,100062 ,1678240 ,4 ,6 ,15 ,25 ,26 ,33 ,40 
9 ,51 ,2257 ,115089 ,1699421 ,3 ,10 ,23 ,24 ,31 ,39 ,22 
4 ,36 ,1869 ,90899 ,1532640 ,14 ,15 ,16 ,17 ,38 ,45 ,36 
9 ,49 ,2047 ,96821 ,1585617 ,6 ,18 ,31 ,34 ,38 ,45 ,20 
9 ,52 ,1967 ,102959 ,1699786 ,11 ,16 ,18 ,19 ,24 ,39 ,43 
11 ,45 ,1681 ,92630 ,1605516 ,15 ,17 ,19 ,21 ,27 ,45 ,16 
11 ,66 ,2503 ,114464 ,1751447 ,6 ,12 ,19 ,24 ,34 ,41 ,4 
3 ,67 ,1731 ,92126 ,1575045 ,6 ,21 ,35 ,36 ,37 ,41 ,11 
21 ,66 ,2413 ,111938 ,1766635 ,6 ,12 ,17 ,21 ,34 ,37 ,18 
7 ,50 ,2001 ,102081 ,1687650 ,8 ,9 ,18 ,21 ,28 ,40 ,20 
5 ,37 ,1719 ,91297 ,1539325 ,11 ,12 ,29 ,33 ,38 ,42 ,17 
11 ,60 ,1956 ,101524 ,1704279 ,12 ,15 ,18 ,28 ,34 ,42 ,9 
11 ,58 ,2094 ,104474 ,1690404 ,8 ,12 ,19 ,21 ,31 ,35 ,44 
10 ,53 ,2027 ,103023 ,1688350 ,5 ,6 ,11 ,14 ,21 ,41 ,32 
4 ,49 ,2054 ,102013 ,1680976 ,6 ,10 ,17 ,18 ,21 ,29 ,30 
8 ,75 ,2302 ,108450 ,1717526 ,1 ,9 ,12 ,23 ,39 ,43 ,34 
9 ,55 ,1962 ,99272 ,1660799 ,5 ,7 ,11 ,16 ,41 ,45 ,4 
13 ,53 ,1849 ,93126 ,1572387 ,7 ,27 ,29 ,30 ,38 ,44 ,4 
15 ,46 ,1905 ,92437 ,1549115 ,5 ,15 ,20 ,31 ,34 ,42 ,22 
8 ,41 ,1734 ,85422 ,1458764 ,9 ,30 ,34 ,35 ,39 ,41 ,21 
15 ,54 ,2121 ,101653 ,1643849 ,1 ,3 ,8 ,12 ,42 ,43 ,33 
7 ,44 ,1908 ,90896 ,1530979 ,7 ,22 ,24 ,31 ,34 ,36 ,15 
8 ,45 ,2019 ,94176 ,1562106 ,3 ,8 ,16 ,32 ,34 ,43 ,10 
10 ,53 ,2044 ,103406 ,1671344 ,1 ,3 ,12 ,21 ,26 ,41 ,16 
7 ,52 ,2139 ,101503 ,1660130 ,4 ,7 ,11 ,24 ,42 ,45 ,30 
8 ,45 ,1749 ,89221 ,1520831 ,10 ,22 ,27 ,31 ,42 ,43 ,12 
6 ,44 ,1761 ,88543 ,1525518 ,9 ,33 ,36 ,40 ,42 ,43 ,32 
8 ,63 ,2170 ,106121 ,1680080 ,5 ,9 ,12 ,30 ,39 ,43 ,24 
21 ,68 ,2657 ,117353 ,1788667 ,6 ,7 ,11 ,17 ,33 ,44 ,1 
5 ,53 ,1866 ,94800 ,1598715 ,10 ,14 ,16 ,18 ,27 ,28 ,4 
8 ,54 ,1845 ,89745 ,1508502 ,13 ,14 ,26 ,28 ,30 ,36 ,37 
5 ,50 ,1856 ,93279 ,1573739 ,2 ,8 ,17 ,24 ,29 ,31 ,32 
6 ,58 ,1934 ,97566 ,1578072 ,2 ,17 ,19 ,24 ,37 ,41 ,3 
9 ,75 ,2036 ,102477 ,1646451 ,4 ,16 ,20 ,33 ,40 ,43 ,7 
8 ,69 ,2210 ,102632 ,1651438 ,3 ,4 ,16 ,20 ,28 ,44 ,17 
7 ,44 ,1779 ,93135 ,1585532 ,1 ,2 ,15 ,19 ,24 ,36 ,12 
13 ,64 ,1985 ,95573 ,1589197 ,12 ,14 ,24 ,26 ,34 ,45 ,41 
9 ,59 ,1937 ,99448 ,1652756 ,3 ,10 ,13 ,22 ,31 ,32 ,29 
9 ,59 ,2217 ,105307 ,1713003 ,7 ,9 ,12 ,14 ,23 ,28 ,17 
9 ,58 ,1904 ,94197 ,1589291 ,3 ,12 ,33 ,36 ,42 ,45 ,25 
20 ,110 ,3692 ,141918 ,1955276 ,1 ,2 ,3 ,9 ,12 ,23 ,10 
15 ,61 ,2779 ,109229 ,1636793 ,10 ,15 ,18 ,21 ,34 ,41 ,43 
7 ,46 ,1982 ,91886 ,1555362 ,15 ,19 ,21 ,34 ,41 ,44 ,10 
16 ,44 ,1986 ,98348 ,1658556 ,8 ,10 ,13 ,36 ,37 ,40 ,6 
6 ,55 ,1829 ,95007 ,1619435 ,5 ,21 ,27 ,34 ,44 ,45 ,16 
18 ,43 ,2447 ,115722 ,1864169 ,4 ,8 ,9 ,16 ,17 ,19 ,31 
4 ,45 ,1942 ,101983 ,1719739 ,7 ,22 ,29 ,33 ,34 ,35 ,30 
11 ,48 ,1640 ,88050 ,1502685 ,23 ,27 ,28 ,38 ,42 ,43 ,36 
4 ,48 ,1937 ,94183 ,1567166 ,13 ,15 ,18 ,24 ,27 ,41 ,11 
5 ,54 ,2250 ,107357 ,1747634 ,2 ,11 ,17 ,18 ,21 ,27 ,6 
10 ,50 ,2269 ,107013 ,1752740 ,5 ,10 ,13 ,27 ,37 ,41 ,4 
9 ,36 ,1758 ,92514 ,1542069 ,6 ,16 ,37 ,38 ,41 ,45 ,18 
4 ,57 ,1966 ,101369 ,1633952 ,11 ,24 ,32 ,33 ,35 ,40 ,13 
7 ,45 ,2061 ,104583 ,1705993 ,2 ,4 ,5 ,17 ,27 ,32 ,43 
7 ,45 ,1908 ,96083 ,1594258 ,2 ,7 ,13 ,25 ,42 ,45 ,39 
8 ,45 ,1741 ,88791 ,1501752 ,4 ,10 ,14 ,15 ,18 ,22 ,39 
4 ,35 ,1875 ,89560 ,1504682 ,11 ,17 ,21 ,26 ,36 ,45 ,16 
5 ,56 ,1869 ,94693 ,1559062 ,3 ,6 ,10 ,30 ,34 ,37 ,36 
14 ,87 ,2064 ,99271 ,1600135 ,7 ,8 ,10 ,19 ,21 ,31 ,20 
14 ,56 ,2099 ,96718 ,1556425 ,1 ,11 ,21 ,23 ,34 ,44 ,24 
11 ,47 ,1795 ,88359 ,1504907 ,6 ,7 ,19 ,21 ,41 ,43 ,38 
12 ,55 ,1833 ,90083 ,1528970 ,2 ,8 ,33 ,35 ,37 ,41 ,14 
8 ,40 ,1777 ,85141 ,1412967 ,20 ,30 ,33 ,35 ,36 ,44 ,22 
4 ,46 ,1688 ,84912 ,1439078 ,12 ,14 ,21 ,30 ,39 ,43 ,45 
8 ,40 ,1607 ,84770 ,1464353 ,1 ,28 ,35 ,41 ,43 ,44 ,31 
14 ,37 ,1778 ,88260 ,1505233 ,1 ,12 ,29 ,34 ,36 ,37 ,41 
9 ,58 ,2020 ,99906 ,1627784 ,4 ,8 ,13 ,19 ,20 ,43 ,26 
17 ,64 ,2404 ,114614 ,1595315 ,4 ,11 ,20 ,23 ,32 ,39 ,40 
6 ,47 ,1974 ,96836 ,1567530 ,2 ,11 ,19 ,25 ,28 ,32 ,44 
12 ,35 ,1743 ,88628 ,1469730 ,2 ,6 ,13 ,16 ,29 ,30 ,21 
6 ,61 ,1873 ,90747 ,1503174 ,2 ,7 ,27 ,33 ,41 ,44 ,10 
7 ,46 ,2029 ,96576 ,1551993 ,1 ,7 ,22 ,33 ,37 ,40 ,20 
9 ,50 ,1791 ,87920 ,1470125 ,2 ,5 ,15 ,18 ,19 ,23 ,44 
4 ,47 ,1727 ,86066 ,1449521 ,17 ,20 ,30 ,31 ,33 ,45 ,19 
7 ,44 ,1865 ,89898 ,1465123 ,11 ,15 ,24 ,35 ,37 ,45 ,42 
5 ,57 ,1990 ,102058 ,1627229 ,3 ,4 ,9 ,24 ,25 ,33 ,10 
14 ,44 ,1696 ,82305 ,1385853 ,10 ,18 ,30 ,36 ,39 ,44 ,32 
4 ,52 ,1712 ,86091 ,1446865 ,2 ,10 ,16 ,19 ,34 ,45 ,1 
12 ,74 ,2006 ,94281 ,1507647 ,2 ,12 ,19 ,24 ,39 ,44 ,35 
4 ,51 ,2108 ,95376 ,1531393 ,3 ,4 ,6 ,10 ,28 ,30 ,37 
4 ,49 ,1805 ,87931 ,1453654 ,1 ,6 ,17 ,22 ,28 ,45 ,23 
4 ,47 ,1906 ,95021 ,1519932 ,1 ,4 ,8 ,23 ,33 ,42 ,45 
5 ,51 ,1719 ,84194 ,1416580 ,10 ,28 ,31 ,33 ,41 ,44 ,21 
11 ,46 ,1819 ,88043 ,1443954 ,3 ,13 ,16 ,24 ,26 ,29 ,9 
10 ,40 ,1659 ,81917 ,1404422 ,3 ,10 ,14 ,16 ,36 ,38 ,35 
8 ,41 ,1562 ,82874 ,1414076 ,11 ,23 ,28 ,29 ,30 ,44 ,13 
8 ,50 ,1799 ,90504 ,1512397 ,4 ,5 ,8 ,16 ,21 ,29 ,3 
8 ,48 ,2088 ,97965 ,1550364 ,3 ,11 ,13 ,21 ,33 ,37 ,18 
10 ,90 ,1940 ,99698 ,1615786 ,2 ,5 ,8 ,11 ,33 ,39 ,31 
10 ,44 ,1721 ,90020 ,1501952 ,1 ,7 ,16 ,18 ,34 ,38 ,21 
11 ,66 ,1979 ,95436 ,1558885 ,4 ,18 ,26 ,33 ,34 ,38 ,14 
10 ,78 ,2286 ,102474 ,1581822 ,7 ,15 ,20 ,25 ,33 ,43 ,12 
10 ,43 ,1692 ,87017 ,1484420 ,1 ,6 ,11 ,28 ,34 ,42 ,30 
7 ,44 ,1770 ,87763 ,1465709 ,3 ,11 ,14 ,15 ,32 ,36 ,44 
6 ,31 ,1708 ,86063 ,1455528 ,15 ,27 ,33 ,35 ,43 ,45 ,16 
15 ,34 ,1772 ,87970 ,1528472 ,24 ,25 ,33 ,34 ,38 ,39 ,43 
7 ,44 ,1809 ,90296 ,1509073 ,7 ,17 ,19 ,30 ,36 ,38 ,34 
9 ,53 ,2107 ,97676 ,1610713 ,5 ,15 ,22 ,23 ,34 ,35 ,2 
6 ,38 ,1780 ,91404 ,1538380 ,1 ,8 ,10 ,13 ,28 ,42 ,45 
8 ,36 ,1863 ,91027 ,1483730 ,7 ,12 ,15 ,24 ,25 ,43 ,13 
11 ,52 ,1910 ,95302 ,1576169 ,6 ,7 ,12 ,28 ,38 ,40 ,18 
9 ,62 ,1968 ,98607 ,1623161 ,1 ,11 ,15 ,17 ,25 ,39 ,40 
16 ,45 ,2704 ,117974 ,1700964 ,6 ,13 ,20 ,27 ,28 ,40 ,15 
4 ,56 ,1851 ,87618 ,1464978 ,17 ,23 ,27 ,35 ,38 ,43 ,2 
6 ,37 ,1441 ,73062 ,1282079 ,21 ,24 ,27 ,29 ,43 ,44 ,7 
14 ,44 ,1870 ,86441 ,1413980 ,4 ,10 ,19 ,29 ,32 ,42 ,30 
5 ,54 ,1829 ,91171 ,1493041 ,3 ,5 ,7 ,14 ,26 ,34 ,35 
6 ,41 ,1855 ,93305 ,1494095 ,4 ,5 ,6 ,12 ,25 ,37 ,45 
8 ,37 ,1701 ,79827 ,1330115 ,12 ,15 ,24 ,36 ,41 ,44 ,42 
8 ,63 ,1665 ,83276 ,1371921 ,1 ,8 ,17 ,34 ,39 ,45 ,27 
4 ,65 ,1806 ,88118 ,1415830 ,1 ,8 ,11 ,15 ,18 ,45 ,7 
8 ,48 ,1846 ,89646 ,1465031 ,9 ,10 ,14 ,25 ,27 ,31 ,11 
10 ,35 ,1864 ,88838 ,1450769 ,7 ,10 ,17 ,29 ,33 ,44 ,5 
9 ,46 ,1629 ,80167 ,1341175 ,8 ,21 ,28 ,31 ,36 ,45 ,43 
4 ,48 ,1778 ,90364 ,1519963 ,7 ,9 ,10 ,13 ,31 ,35 ,24 
12 ,39 ,2145 ,92680 ,1483948 ,11 ,18 ,26 ,27 ,40 ,41 ,25 
6 ,52 ,1949 ,93078 ,1531364 ,7 ,8 ,20 ,29 ,33 ,38 ,9 
5 ,56 ,1873 ,89414 ,1452289 ,12 ,14 ,15 ,24 ,27 ,32 ,3 
7 ,40 ,1543 ,81344 ,1368363 ,15 ,17 ,25 ,37 ,42 ,43 ,13 
6 ,47 ,1947 ,93631 ,1493940 ,2 ,4 ,6 ,11 ,17 ,28 ,16 
4 ,30 ,1790 ,87227 ,1430205 ,5 ,6 ,11 ,17 ,38 ,44 ,13 
10 ,44 ,1530 ,77395 ,1320082 ,10 ,20 ,33 ,36 ,41 ,44 ,5 
7 ,60 ,1627 ,84092 ,1386028 ,3 ,5 ,8 ,19 ,38 ,42 ,20 
8 ,43 ,1787 ,88493 ,1426759 ,5 ,6 ,9 ,11 ,15 ,37 ,26 
8 ,63 ,1830 ,87840 ,1426883 ,2 ,3 ,12 ,20 ,27 ,38 ,40 
10 ,48 ,1951 ,88247 ,1408802 ,4 ,9 ,23 ,33 ,39 ,44 ,14 
11 ,40 ,1765 ,85028 ,1396789 ,7 ,18 ,19 ,27 ,29 ,42 ,45 
9 ,38 ,1678 ,82738 ,1364069 ,8 ,19 ,25 ,28 ,32 ,36 ,37 
9 ,52 ,1562 ,78396 ,1325593 ,10 ,14 ,19 ,39 ,40 ,43 ,23 
2 ,48 ,1747 ,83772 ,1385757 ,3 ,7 ,14 ,16 ,31 ,40 ,39 
9 ,41 ,1610 ,77437 ,1281655 ,7 ,37 ,38 ,39 ,40 ,44 ,18 
8 ,69 ,1787 ,77788 ,1282725 ,16 ,21 ,26 ,31 ,36 ,43 ,6 
14 ,56 ,1997 ,88995 ,1419408 ,5 ,6 ,26 ,27 ,38 ,39 ,1 
5 ,36 ,1504 ,75739 ,1280663 ,3 ,13 ,15 ,40 ,41 ,44 ,20 
8 ,35 ,1684 ,82567 ,1365832 ,11 ,12 ,16 ,26 ,29 ,44 ,18 
5 ,45 ,1814 ,87030 ,1429743 ,3 ,4 ,7 ,11 ,31 ,41 ,35 
5 ,45 ,1689 ,80347 ,1313125 ,3 ,21 ,22 ,33 ,41 ,42 ,20 
7 ,45 ,1631 ,80986 ,1318403 ,13 ,19 ,28 ,37 ,38 ,43 ,4 
7 ,44 ,1596 ,79202 ,1351926 ,5 ,16 ,21 ,23 ,24 ,30 ,29 
7 ,36 ,1522 ,77400 ,1321212 ,2 ,9 ,24 ,41 ,43 ,45 ,30 
4 ,28 ,1766 ,87873 ,1444728 ,1 ,4 ,16 ,26 ,40 ,41 ,31 
8 ,49 ,1879 ,87582 ,1401744 ,5 ,13 ,17 ,23 ,28 ,36 ,8 
6 ,43 ,1525 ,84656 ,1407225 ,15 ,24 ,31 ,32 ,33 ,40 ,13 
12 ,62 ,1815 ,88406 ,1465689 ,8 ,17 ,18 ,24 ,39 ,45 ,32 
8 ,50 ,1565 ,79145 ,1340371 ,11 ,18 ,21 ,36 ,37 ,43 ,12 
9 ,48 ,1639 ,85410 ,1404905 ,14 ,15 ,18 ,21 ,26 ,35 ,23 
4 ,45 ,1628 ,84861 ,1439719 ,6 ,15 ,22 ,23 ,25 ,32 ,40 
7 ,41 ,1719 ,84781 ,1422596 ,7 ,18 ,22 ,24 ,31 ,34 ,6 
4 ,45 ,1637 ,82147 ,1369826 ,3 ,16 ,22 ,37 ,38 ,44 ,23 
8 ,44 ,1973 ,90830 ,1461300 ,6 ,7 ,15 ,16 ,20 ,31 ,26 
8 ,35 ,1650 ,85675 ,1427626 ,11 ,13 ,25 ,26 ,29 ,33 ,32 
13 ,54 ,2208 ,101514 ,1562975 ,4 ,10 ,11 ,12 ,20 ,27 ,38 
12 ,47 ,1789 ,87613 ,1430227 ,9 ,12 ,19 ,20 ,39 ,41 ,13 
11 ,52 ,1645 ,78418 ,1320223 ,15 ,18 ,21 ,32 ,35 ,44 ,6 
4 ,46 ,1676 ,85710 ,1491785 ,1 ,2 ,4 ,23 ,31 ,34 ,8 
3 ,48 ,1631 ,84380 ,1420745 ,8 ,17 ,21 ,24 ,27 ,31 ,15 
5 ,34 ,1321 ,68554 ,1183752 ,19 ,28 ,31 ,38 ,43 ,44 ,1 
9 ,37 ,1628 ,80147 ,1323978 ,1 ,7 ,12 ,15 ,23 ,42 ,11 
10 ,35 ,1532 ,74824 ,1243945 ,2 ,9 ,22 ,25 ,31 ,45 ,12 
8 ,45 ,1766 ,86261 ,1371217 ,13 ,14 ,26 ,33 ,40 ,43 ,15 
5 ,45 ,1654 ,82014 ,1354445 ,3 ,6 ,7 ,20 ,21 ,39 ,13 
5 ,61 ,1574 ,78840 ,1309900 ,1 ,7 ,19 ,26 ,27 ,35 ,16 
8 ,35 ,1456 ,73522 ,1245962 ,7 ,13 ,30 ,39 ,41 ,45 ,25 
9 ,34 ,1629 ,77626 ,1270437 ,9 ,15 ,16 ,21 ,28 ,34 ,24 
6 ,62 ,1555 ,82843 ,1336734 ,1 ,2 ,6 ,16 ,19 ,42 ,9 
7 ,44 ,1661 ,78155 ,1266599 ,2 ,16 ,17 ,32 ,39 ,45 ,40 
3 ,59 ,1712 ,83710 ,1355209 ,6 ,8 ,13 ,30 ,35 ,40 ,21 
5 ,45 ,1581 ,75243 ,1260882 ,8 ,16 ,25 ,30 ,42 ,43 ,15 
8 ,43 ,1993 ,93731 ,1481805 ,4 ,5 ,11 ,12 ,24 ,27 ,28 
9 ,49 ,1700 ,81118 ,1350809 ,5 ,13 ,18 ,23 ,40 ,45 ,3 
9 ,31 ,1670 ,83981 ,1383278 ,10 ,17 ,18 ,19 ,23 ,27 ,35 
6 ,46 ,1523 ,80393 ,1360707 ,8 ,21 ,25 ,39 ,40 ,44 ,18 
9 ,30 ,1538 ,77945 ,1299580 ,7 ,8 ,11 ,16 ,41 ,44 ,35 
11 ,59 ,1833 ,86228 ,1364516 ,6 ,9 ,18 ,19 ,25 ,33 ,40 
4 ,47 ,1486 ,74589 ,1258998 ,2 ,22 ,27 ,33 ,36 ,37 ,14 
4 ,34 ,1398 ,71718 ,1218676 ,14 ,18 ,20 ,23 ,28 ,36 ,33 
2 ,47 ,1621 ,80472 ,1300134 ,4 ,8 ,27 ,34 ,39 ,40 ,13 
7 ,32 ,1516 ,74353 ,1243159 ,4 ,8 ,18 ,19 ,39 ,44 ,41 
4 ,35 ,1448 ,73277 ,1220405 ,8 ,14 ,23 ,36 ,38 ,39 ,13 
10 ,44 ,1542 ,82879 ,1366588 ,1 ,5 ,6 ,14 ,20 ,39 ,22 
9 ,40 ,2286 ,92980 ,1386335 ,1 ,2 ,7 ,9 ,10 ,38 ,42 
11 ,36 ,1451 ,75476 ,1266398 ,2 ,6 ,18 ,21 ,33 ,34 ,30 
4 ,30 ,1363 ,71799 ,1227396 ,2 ,19 ,25 ,26 ,27 ,43 ,28 
8 ,42 ,1675 ,77026 ,1251693 ,13 ,14 ,22 ,27 ,30 ,38 ,2 
9 ,28 ,1516 ,72233 ,1205559 ,2 ,16 ,19 ,31 ,34 ,35 ,37 
